债券代码,债券名称,占基金净值比例_百分比,债券类型,数据来源,原始快照ID,基金代码,报告期,用于聚合,排除原因
092280108,22中行二级资本债02A,1.5,债券,东财F10债券持仓,eastmoney_f10_all_market-bond_holding-000692-2026-2570770055b6f81f,000692,2026-06-30,1,
113052,兴业转债,0.15,可转债,东财F10债券持仓,eastmoney_f10_all_market-bond_holding-000692-2026-2570770055b6f81f,000692,2026-06-30,1,
113059,福莱转债,0.16,可转债,东财F10债券持仓,eastmoney_f10_all_market-bond_holding-000692-2026-2570770055b6f81f,000692,2026-06-30,1,
113062,常银转债,0.44,可转债,东财F10债券持仓,eastmoney_f10_all_market-bond_holding-000692-2026-2570770055b6f81f,000692,2026-06-30,1,
127045,牧原转债,0.39,可转债,东财F10债券持仓,eastmoney_f10_all_market-bond_holding-000692-2026-2570770055b6f81f,000692,2026-06-30,1,
220208,22国开08,2.93,利率债/政策性金融债,东财F10债券持仓,eastmoney_f10_all_market-bond_holding-000692-2026-2570770055b6f81f,000692,2026-06-30,1,
250011,25附息国债11,2.93,利率债/政策性金融债,东财F10债券持仓,eastmoney_f10_all_market-bond_holding-000692-2026-2570770055b6f81f,000692,2026-06-30,1,
250202,25国开02,1.65,利率债/政策性金融债,东财F10债券持仓,eastmoney_f10_all_market-bond_holding-000692-2026-2570770055b6f81f,000692,2026-06-30,1,
250431,25农发31,1.53,利率债/政策性金融债,东财F10债券持仓,eastmoney_f10_all_market-bond_holding-000692-2026-2570770055b6f81f,000692,2026-06-30,1,
