股票代码,股票名称,占基金净值比例_百分比,行业一级,行业二级,数据来源,原始快照ID,基金代码,报告期,用于聚合,排除原因
000333,美的集团,4.19,家用电器,白色家电,东财F10基金持仓,eastmoney_f10_all_market-stock_holding-011183-2026-b624b795285b3383,011183,2026-06-30,1,
000888,峨眉山A,1.87,社会服务,旅游及景区,东财F10基金持仓,eastmoney_f10_all_market-stock_holding-011183-2026-b624b795285b3383,011183,2026-06-30,1,
001220,世盟股份,0.0,交通运输,物流,东财F10基金持仓,eastmoney_f10_all_market-stock_holding-011183-2026-b624b795285b3383,011183,2026-06-30,1,
001237,惠康科技,0.0,机械设备,通用设备,东财F10基金持仓,eastmoney_f10_all_market-stock_holding-011183-2026-b624b795285b3383,011183,2026-06-30,1,
001248,华润新能源,0.05,公用事业,电力,东财F10基金持仓,eastmoney_f10_all_market-stock_holding-011183-2026-b624b795285b3383,011183,2026-06-30,1,
001257,盛龙股份,0.01,有色金属,小金属,东财F10基金持仓,eastmoney_f10_all_market-stock_holding-011183-2026-b624b795285b3383,011183,2026-06-30,1,
001312,福恩股份,0.0,纺织服饰,纺织制造,东财F10基金持仓,eastmoney_f10_all_market-stock_holding-011183-2026-b624b795285b3383,011183,2026-06-30,1,
001365,天海电子,0.0,汽车,汽车零部件,东财F10基金持仓,eastmoney_f10_all_market-stock_holding-011183-2026-b624b795285b3383,011183,2026-06-30,1,
001393,维通利,0.0,电力设备,电网设备,东财F10基金持仓,eastmoney_f10_all_market-stock_holding-011183-2026-b624b795285b3383,011183,2026-06-30,1,
001399,惠科股份,0.02,电子,光学光电子,东财F10基金持仓,eastmoney_f10_all_market-stock_holding-011183-2026-b624b795285b3383,011183,2026-06-30,1,
002948,青岛银行,4.36,银行,银行Ⅱ,东财F10基金持仓,eastmoney_f10_all_market-stock_holding-011183-2026-b624b795285b3383,011183,2026-06-30,1,
300059,东方财富,5.01,非银金融,证券Ⅱ,东财F10基金持仓,eastmoney_f10_all_market-stock_holding-011183-2026-b624b795285b3383,011183,2026-06-30,1,
300308,中际旭创,9.54,通信,通信设备,东财F10基金持仓,eastmoney_f10_all_market-stock_holding-011183-2026-b624b795285b3383,011183,2026-06-30,1,
300502,新易盛,9.99,通信,通信设备,东财F10基金持仓,eastmoney_f10_all_market-stock_holding-011183-2026-b624b795285b3383,011183,2026-06-30,1,
301205,联特科技,4.19,通信,通信设备,东财F10基金持仓,eastmoney_f10_all_market-stock_holding-011183-2026-b624b795285b3383,011183,2026-06-30,1,
301669,高特电子,0.0,电力设备,其他电源设备Ⅱ,东财F10基金持仓,eastmoney_f10_all_market-stock_holding-011183-2026-b624b795285b3383,011183,2026-06-30,1,
600188,兖矿能源,4.69,煤炭,煤炭开采,东财F10基金持仓,eastmoney_f10_all_market-stock_holding-011183-2026-b624b795285b3383,011183,2026-06-30,1,
600482,中国动力,5.23,电力设备,其他电源设备Ⅱ,东财F10基金持仓,eastmoney_f10_all_market-stock_holding-011183-2026-b624b795285b3383,011183,2026-06-30,1,
600519,贵州茅台,5.08,食品饮料,白酒Ⅱ,东财F10基金持仓,eastmoney_f10_all_market-stock_holding-011183-2026-b624b795285b3383,011183,2026-06-30,1,
600549,厦门钨业,4.1,有色金属,小金属,东财F10基金持仓,eastmoney_f10_all_market-stock_holding-011183-2026-b624b795285b3383,011183,2026-06-30,1,
600875,东方电气,4.65,电力设备,其他电源设备Ⅱ,东财F10基金持仓,eastmoney_f10_all_market-stock_holding-011183-2026-b624b795285b3383,011183,2026-06-30,1,
601088,中国神华,4.27,煤炭,煤炭开采,东财F10基金持仓,eastmoney_f10_all_market-stock_holding-011183-2026-b624b795285b3383,011183,2026-06-30,1,
601112,振石股份,0.0,建筑材料,玻璃玻纤,东财F10基金持仓,eastmoney_f10_all_market-stock_holding-011183-2026-b624b795285b3383,011183,2026-06-30,1,
603284,林平发展,0.0,轻工制造,造纸,东财F10基金持仓,eastmoney_f10_all_market-stock_holding-011183-2026-b624b795285b3383,011183,2026-06-30,1,
603293,埃泰克,0.0,汽车,汽车零部件,东财F10基金持仓,eastmoney_f10_all_market-stock_holding-011183-2026-b624b795285b3383,011183,2026-06-30,1,
603352,至信股份,0.0,汽车,汽车零部件,东财F10基金持仓,eastmoney_f10_all_market-stock_holding-011183-2026-b624b795285b3383,011183,2026-06-30,1,
603459,红板科技,0.01,电子,元件,东财F10基金持仓,eastmoney_f10_all_market-stock_holding-011183-2026-b624b795285b3383,011183,2026-06-30,1,
688205,德科立,3.85,通信,通信设备,东财F10基金持仓,eastmoney_f10_all_market-stock_holding-011183-2026-b624b795285b3383,011183,2026-06-30,1,
688635,长进光子,0.01,通信,通信设备,东财F10基金持仓,eastmoney_f10_all_market-stock_holding-011183-2026-b624b795285b3383,011183,2026-06-30,1,
688677,海泰新光,3.54,医药生物,医疗器械,东财F10基金持仓,eastmoney_f10_all_market-stock_holding-011183-2026-b624b795285b3383,011183,2026-06-30,1,
688712,北芯生命,0.02,医药生物,医疗器械,东财F10基金持仓,eastmoney_f10_all_market-stock_holding-011183-2026-b624b795285b3383,011183,2026-06-30,1,
688781,视涯科技,0.04,电子,光学光电子,东财F10基金持仓,eastmoney_f10_all_market-stock_holding-011183-2026-b624b795285b3383,011183,2026-06-30,1,
688797,臻宝科技,0.02,电子,半导体,东财F10基金持仓,eastmoney_f10_all_market-stock_holding-011183-2026-b624b795285b3383,011183,2026-06-30,1,
688808,联讯仪器,5.06,机械设备,通用设备,东财F10基金持仓,eastmoney_f10_all_market-stock_holding-011183-2026-b624b795285b3383,011183,2026-06-30,1,
688811,有研复材,0.01,有色金属,金属新材料,东财F10基金持仓,eastmoney_f10_all_market-stock_holding-011183-2026-b624b795285b3383,011183,2026-06-30,1,
688813,泰金新能,0.01,机械设备,专用设备,东财F10基金持仓,eastmoney_f10_all_market-stock_holding-011183-2026-b624b795285b3383,011183,2026-06-30,1,
688816,易思维,0.0,机械设备,自动化设备,东财F10基金持仓,eastmoney_f10_all_market-stock_holding-011183-2026-b624b795285b3383,011183,2026-06-30,1,
688818,电科蓝天,0.02,国防军工,航天装备Ⅱ,东财F10基金持仓,eastmoney_f10_all_market-stock_holding-011183-2026-b624b795285b3383,011183,2026-06-30,1,
688820,盛合晶微,0.02,电子,半导体,东财F10基金持仓,eastmoney_f10_all_market-stock_holding-011183-2026-b624b795285b3383,011183,2026-06-30,1,
